<?xml version="1.0" encoding="UTF-8"?><record_update table="sys_embedded_help_role">
    <sys_embedded_help_role action="INSERT_OR_UPDATE">
        <order>1000</order>
        <role display_value="x_1807905_covid1_0.Nurse" name="x_1807905_covid1_0.Nurse">7cdd7df783be2650d44059d0deaad323</role>
        <sys_class_name>sys_embedded_help_role</sys_class_name>
        <sys_created_by>aes.creator</sys_created_by>
        <sys_created_on>2025-07-24 14:29:36</sys_created_on>
        <sys_id>f4dd7df783be2650d44059d0deaad325</sys_id>
        <sys_mod_count>0</sys_mod_count>
        <sys_name>7cdd7df783be2650d44059d0deaad323</sys_name>
        <sys_package display_value="COVID19_Hospital_Admin_App" source="x_1807905_covid1_0">4907da17837aa250d44059d0deaad302</sys_package>
        <sys_policy/>
        <sys_scope display_value="COVID19_Hospital_Admin_App">4907da17837aa250d44059d0deaad302</sys_scope>
        <sys_update_name>sys_embedded_help_role_f4dd7df783be2650d44059d0deaad325</sys_update_name>
        <sys_updated_by>aes.creator</sys_updated_by>
        <sys_updated_on>2025-07-24 14:29:36</sys_updated_on>
    </sys_embedded_help_role>
</record_update>
