<?xml version="1.0" encoding="UTF-8"?><record_update table="sys_ui_view">
    <sys_ui_view action="INSERT_OR_UPDATE">
        <group/>
        <hidden>false</hidden>
        <name>Patient</name>
        <roles/>
        <sys_class_name>sys_ui_view</sys_class_name>
        <sys_created_by>aes.creator</sys_created_by>
        <sys_created_on>2025-07-24 15:57:53</sys_created_on>
        <sys_id>7502967383326650d44059d0deaad300</sys_id>
        <sys_mod_count>0</sys_mod_count>
        <sys_name>Patient</sys_name>
        <sys_package display_value="COVID19_Hospital_Admin_App" source="x_1807905_covid1_0">4907da17837aa250d44059d0deaad302</sys_package>
        <sys_policy/>
        <sys_scope display_value="COVID19_Hospital_Admin_App">4907da17837aa250d44059d0deaad302</sys_scope>
        <sys_update_name>sys_ui_view_7502967383326650d44059d0deaad300</sys_update_name>
        <sys_updated_by>aes.creator</sys_updated_by>
        <sys_updated_on>2025-07-24 15:57:53</sys_updated_on>
        <title>Patient</title>
        <user/>
    </sys_ui_view>
</record_update>
