<?xml version="1.0" encoding="UTF-8"?><record_update>
    <sys_ui_section caption="Approval" section_id="e3c05748830ba650d44059d0deaad308" sys_domain="global" table="x_1807905_covid1_0_vaccination" version="3" view="">
        <sys_ui_element action="INSERT_OR_UPDATE">
            <element>doctor_approval</element>
            <position>0</position>
            <sys_created_by>aes.creator</sys_created_by>
            <sys_created_on>2025-07-25 15:11:38</sys_created_on>
            <sys_id>5a019b48830ba650d44059d0deaad324</sys_id>
            <sys_mod_count>0</sys_mod_count>
            <sys_ui_formatter/>
            <sys_ui_section caption="Approval" display_value="Approval" name="x_1807905_covid1_0_vaccination" sys_domain="global" view="Default view">e3c05748830ba650d44059d0deaad308</sys_ui_section>
            <sys_updated_by>aes.creator</sys_updated_by>
            <sys_updated_on>2025-07-25 15:11:38</sys_updated_on>
            <sys_user/>
            <type/>
        </sys_ui_element>
        <sys_ui_element action="INSERT_OR_UPDATE">
            <element>.split</element>
            <position>1</position>
            <sys_created_by>aes.creator</sys_created_by>
            <sys_created_on>2025-07-25 15:11:38</sys_created_on>
            <sys_id>52019b48830ba650d44059d0deaad325</sys_id>
            <sys_mod_count>0</sys_mod_count>
            <sys_ui_formatter/>
            <sys_ui_section caption="Approval" display_value="Approval" name="x_1807905_covid1_0_vaccination" sys_domain="global" view="Default view">e3c05748830ba650d44059d0deaad308</sys_ui_section>
            <sys_updated_by>aes.creator</sys_updated_by>
            <sys_updated_on>2025-07-25 15:11:38</sys_updated_on>
            <sys_user/>
            <type>.split</type>
        </sys_ui_element>
        <sys_ui_element action="INSERT_OR_UPDATE">
            <element>approval_status</element>
            <position>2</position>
            <sys_created_by>aes.creator</sys_created_by>
            <sys_created_on>2025-07-25 15:11:38</sys_created_on>
            <sys_id>5a019b48830ba650d44059d0deaad325</sys_id>
            <sys_mod_count>0</sys_mod_count>
            <sys_ui_formatter/>
            <sys_ui_section caption="Approval" display_value="Approval" name="x_1807905_covid1_0_vaccination" sys_domain="global" view="Default view">e3c05748830ba650d44059d0deaad308</sys_ui_section>
            <sys_updated_by>aes.creator</sys_updated_by>
            <sys_updated_on>2025-07-25 15:11:38</sys_updated_on>
            <sys_user/>
            <type/>
        </sys_ui_element>
        <sys_ui_section action="INSERT_OR_UPDATE">
            <caption>Approval</caption>
            <header>false</header>
            <name>x_1807905_covid1_0_vaccination</name>
            <roles/>
            <sys_class_name>sys_ui_section</sys_class_name>
            <sys_created_by>aes.creator</sys_created_by>
            <sys_created_on>2025-07-25 15:10:38</sys_created_on>
            <sys_domain>global</sys_domain>
            <sys_domain_path>/</sys_domain_path>
            <sys_id>e3c05748830ba650d44059d0deaad308</sys_id>
            <sys_mod_count>0</sys_mod_count>
            <sys_name>x_1807905_covid1_0_vaccination</sys_name>
            <sys_overrides/>
            <sys_package display_value="COVID19_Hospital_Admin_App" source="x_1807905_covid1_0">4907da17837aa250d44059d0deaad302</sys_package>
            <sys_policy/>
            <sys_scope display_value="COVID19_Hospital_Admin_App">4907da17837aa250d44059d0deaad302</sys_scope>
            <sys_update_name>sys_ui_section_e3c05748830ba650d44059d0deaad308</sys_update_name>
            <sys_updated_by>aes.creator</sys_updated_by>
            <sys_updated_on>2025-07-25 15:10:38</sys_updated_on>
            <sys_user/>
            <title>false</title>
            <view display_value="Default view" name="NULL">Default view</view>
            <view_name/>
        </sys_ui_section>
    </sys_ui_section>
</record_update>
