<?xml version="1.0" encoding="UTF-8"?><record_update>
    <sys_ui_section caption="Vaccination Info" section_id="a7c05748830ba650d44059d0deaad306" sys_domain="global" table="x_1807905_covid1_0_vaccination" version="3" view="">
        <sys_ui_element action="INSERT_OR_UPDATE">
            <element>vaccine_type</element>
            <position>0</position>
            <sys_created_by>aes.creator</sys_created_by>
            <sys_created_on>2025-07-25 15:11:38</sys_created_on>
            <sys_id>9a019b48830ba650d44059d0deaad31b</sys_id>
            <sys_mod_count>0</sys_mod_count>
            <sys_ui_formatter/>
            <sys_ui_section caption="Vaccination Info" display_value="Vaccination Info" name="x_1807905_covid1_0_vaccination" sys_domain="global" view="Default view">a7c05748830ba650d44059d0deaad306</sys_ui_section>
            <sys_updated_by>aes.creator</sys_updated_by>
            <sys_updated_on>2025-07-25 15:11:38</sys_updated_on>
            <sys_user/>
            <type/>
        </sys_ui_element>
        <sys_ui_element action="INSERT_OR_UPDATE">
            <element>dose_number</element>
            <position>1</position>
            <sys_created_by>aes.creator</sys_created_by>
            <sys_created_on>2025-07-25 15:11:38</sys_created_on>
            <sys_id>92019b48830ba650d44059d0deaad31c</sys_id>
            <sys_mod_count>0</sys_mod_count>
            <sys_ui_formatter/>
            <sys_ui_section caption="Vaccination Info" display_value="Vaccination Info" name="x_1807905_covid1_0_vaccination" sys_domain="global" view="Default view">a7c05748830ba650d44059d0deaad306</sys_ui_section>
            <sys_updated_by>aes.creator</sys_updated_by>
            <sys_updated_on>2025-07-25 15:11:38</sys_updated_on>
            <sys_user/>
            <type/>
        </sys_ui_element>
        <sys_ui_element action="INSERT_OR_UPDATE">
            <element>scheduled_date</element>
            <position>2</position>
            <sys_created_by>aes.creator</sys_created_by>
            <sys_created_on>2025-07-25 15:11:38</sys_created_on>
            <sys_id>9a019b48830ba650d44059d0deaad31c</sys_id>
            <sys_mod_count>0</sys_mod_count>
            <sys_ui_formatter/>
            <sys_ui_section caption="Vaccination Info" display_value="Vaccination Info" name="x_1807905_covid1_0_vaccination" sys_domain="global" view="Default view">a7c05748830ba650d44059d0deaad306</sys_ui_section>
            <sys_updated_by>aes.creator</sys_updated_by>
            <sys_updated_on>2025-07-25 15:11:38</sys_updated_on>
            <sys_user/>
            <type/>
        </sys_ui_element>
        <sys_ui_element action="INSERT_OR_UPDATE">
            <element>.split</element>
            <position>3</position>
            <sys_created_by>aes.creator</sys_created_by>
            <sys_created_on>2025-07-25 15:11:38</sys_created_on>
            <sys_id>92019b48830ba650d44059d0deaad31d</sys_id>
            <sys_mod_count>0</sys_mod_count>
            <sys_ui_formatter/>
            <sys_ui_section caption="Vaccination Info" display_value="Vaccination Info" name="x_1807905_covid1_0_vaccination" sys_domain="global" view="Default view">a7c05748830ba650d44059d0deaad306</sys_ui_section>
            <sys_updated_by>aes.creator</sys_updated_by>
            <sys_updated_on>2025-07-25 15:11:38</sys_updated_on>
            <sys_user/>
            <type>.split</type>
        </sys_ui_element>
        <sys_ui_element action="INSERT_OR_UPDATE">
            <element>critical_patients</element>
            <position>4</position>
            <sys_created_by>aes.creator</sys_created_by>
            <sys_created_on>2025-07-25 15:11:38</sys_created_on>
            <sys_id>9a019b48830ba650d44059d0deaad31d</sys_id>
            <sys_mod_count>0</sys_mod_count>
            <sys_ui_formatter/>
            <sys_ui_section caption="Vaccination Info" display_value="Vaccination Info" name="x_1807905_covid1_0_vaccination" sys_domain="global" view="Default view">a7c05748830ba650d44059d0deaad306</sys_ui_section>
            <sys_updated_by>aes.creator</sys_updated_by>
            <sys_updated_on>2025-07-25 15:11:38</sys_updated_on>
            <sys_user/>
            <type/>
        </sys_ui_element>
        <sys_ui_element action="INSERT_OR_UPDATE">
            <element>admissions</element>
            <position>5</position>
            <sys_created_by>aes.creator</sys_created_by>
            <sys_created_on>2025-07-25 15:11:38</sys_created_on>
            <sys_id>92019b48830ba650d44059d0deaad31e</sys_id>
            <sys_mod_count>0</sys_mod_count>
            <sys_ui_formatter/>
            <sys_ui_section caption="Vaccination Info" display_value="Vaccination Info" name="x_1807905_covid1_0_vaccination" sys_domain="global" view="Default view">a7c05748830ba650d44059d0deaad306</sys_ui_section>
            <sys_updated_by>aes.creator</sys_updated_by>
            <sys_updated_on>2025-07-25 15:11:38</sys_updated_on>
            <sys_user/>
            <type/>
        </sys_ui_element>
        <sys_ui_element action="INSERT_OR_UPDATE">
            <element>discharges</element>
            <position>6</position>
            <sys_created_by>aes.creator</sys_created_by>
            <sys_created_on>2025-07-25 15:11:38</sys_created_on>
            <sys_id>9a019b48830ba650d44059d0deaad31e</sys_id>
            <sys_mod_count>0</sys_mod_count>
            <sys_ui_formatter/>
            <sys_ui_section caption="Vaccination Info" display_value="Vaccination Info" name="x_1807905_covid1_0_vaccination" sys_domain="global" view="Default view">a7c05748830ba650d44059d0deaad306</sys_ui_section>
            <sys_updated_by>aes.creator</sys_updated_by>
            <sys_updated_on>2025-07-25 15:11:38</sys_updated_on>
            <sys_user/>
            <type/>
        </sys_ui_element>
        <sys_ui_section action="INSERT_OR_UPDATE">
            <caption>Vaccination Info</caption>
            <header>false</header>
            <name>x_1807905_covid1_0_vaccination</name>
            <roles/>
            <sys_class_name>sys_ui_section</sys_class_name>
            <sys_created_by>aes.creator</sys_created_by>
            <sys_created_on>2025-07-25 15:10:38</sys_created_on>
            <sys_domain>global</sys_domain>
            <sys_domain_path>/</sys_domain_path>
            <sys_id>a7c05748830ba650d44059d0deaad306</sys_id>
            <sys_mod_count>0</sys_mod_count>
            <sys_name>x_1807905_covid1_0_vaccination</sys_name>
            <sys_overrides/>
            <sys_package display_value="COVID19_Hospital_Admin_App" source="x_1807905_covid1_0">4907da17837aa250d44059d0deaad302</sys_package>
            <sys_policy/>
            <sys_scope display_value="COVID19_Hospital_Admin_App">4907da17837aa250d44059d0deaad302</sys_scope>
            <sys_update_name>sys_ui_section_a7c05748830ba650d44059d0deaad306</sys_update_name>
            <sys_updated_by>aes.creator</sys_updated_by>
            <sys_updated_on>2025-07-25 15:10:38</sys_updated_on>
            <sys_user/>
            <title>false</title>
            <view display_value="Default view" name="NULL">Default view</view>
            <view_name/>
        </sys_ui_section>
    </sys_ui_section>
</record_update>
