<?xml version="1.0" encoding="UTF-8"?><record_update>
    <sys_documentation element="shift" label="Shift" language="en" table="x_1807905_covid1_0_doctor">
        <sys_documentation action="INSERT_OR_UPDATE">
            <element>shift</element>
            <help/>
            <hint/>
            <label>Shift</label>
            <language>en</language>
            <name>x_1807905_covid1_0_doctor</name>
            <plural/>
            <sys_class_name>sys_documentation</sys_class_name>
            <sys_created_by>aes.creator</sys_created_by>
            <sys_created_on>2025-07-23 03:14:12</sys_created_on>
            <sys_mod_count>3</sys_mod_count>
            <sys_name>Shift</sys_name>
            <sys_package display_value="COVID19_Hospital_Admin_App" source="x_1807905_covid1_0">4907da17837aa250d44059d0deaad302</sys_package>
            <sys_policy/>
            <sys_scope display_value="COVID19_Hospital_Admin_App">4907da17837aa250d44059d0deaad302</sys_scope>
            <sys_update_name>sys_documentation_x_1807905_covid1_0_doctor_shift_en</sys_update_name>
            <sys_updated_by>aes.creator</sys_updated_by>
            <sys_updated_on>2025-07-23 03:14:14</sys_updated_on>
            <url/>
            <url_target/>
        </sys_documentation>
    </sys_documentation>
</record_update>
