<?xml version="1.0" encoding="UTF-8"?><record_update>
    <sys_ui_section caption="sys_dictionary" section_id="7502967383326650d44059d0deaad3d8" sys_domain="global" table="sys_dictionary" version="3" view="Patient">
        <sys_ui_section action="INSERT_OR_UPDATE">
            <caption>sys_dictionary</caption>
            <header>false</header>
            <name>sys_dictionary</name>
            <roles/>
            <sys_class_name>sys_ui_section</sys_class_name>
            <sys_created_by>aes.creator</sys_created_by>
            <sys_created_on>2025-07-24 15:57:53</sys_created_on>
            <sys_domain>global</sys_domain>
            <sys_domain_path>/</sys_domain_path>
            <sys_id>7502967383326650d44059d0deaad3d8</sys_id>
            <sys_mod_count>0</sys_mod_count>
            <sys_name>sys_dictionary</sys_name>
            <sys_overrides/>
            <sys_package display_value="COVID19_Hospital_Admin_App" source="x_1807905_covid1_0">4907da17837aa250d44059d0deaad302</sys_package>
            <sys_policy/>
            <sys_scope display_value="COVID19_Hospital_Admin_App">4907da17837aa250d44059d0deaad302</sys_scope>
            <sys_update_name>sys_ui_section_7502967383326650d44059d0deaad3d8</sys_update_name>
            <sys_updated_by>aes.creator</sys_updated_by>
            <sys_updated_on>2025-07-24 15:57:53</sys_updated_on>
            <sys_user/>
            <title>false</title>
            <view display_value="Patient" name="Patient">7502967383326650d44059d0deaad300</view>
            <view_name/>
        </sys_ui_section>
    </sys_ui_section>
</record_update>
