<?xml version="1.0" encoding="UTF-8"?><record_update>
    <sys_ui_section caption="Schedule Info" section_id="73e75f80834ba650d44059d0deaad3c8" sys_domain="global" table="x_1807905_covid1_0_doctor" version="3" view="">
        <sys_ui_element action="INSERT_OR_UPDATE">
            <element>shift</element>
            <position>0</position>
            <sys_created_by>admin</sys_created_by>
            <sys_created_on>2025-07-25 15:41:48</sys_created_on>
            <sys_id>8cf79f80834ba650d44059d0deaad362</sys_id>
            <sys_mod_count>0</sys_mod_count>
            <sys_ui_formatter/>
            <sys_ui_section caption="Schedule Info" display_value="Schedule Info" name="x_1807905_covid1_0_doctor" sys_domain="global" view="Default view">73e75f80834ba650d44059d0deaad3c8</sys_ui_section>
            <sys_updated_by>admin</sys_updated_by>
            <sys_updated_on>2025-07-25 15:41:48</sys_updated_on>
            <sys_user/>
            <type/>
        </sys_ui_element>
        <sys_ui_element action="INSERT_OR_UPDATE">
            <element>available_from</element>
            <position>1</position>
            <sys_created_by>admin</sys_created_by>
            <sys_created_on>2025-07-25 15:41:48</sys_created_on>
            <sys_id>84f79f80834ba650d44059d0deaad363</sys_id>
            <sys_mod_count>0</sys_mod_count>
            <sys_ui_formatter/>
            <sys_ui_section caption="Schedule Info" display_value="Schedule Info" name="x_1807905_covid1_0_doctor" sys_domain="global" view="Default view">73e75f80834ba650d44059d0deaad3c8</sys_ui_section>
            <sys_updated_by>admin</sys_updated_by>
            <sys_updated_on>2025-07-25 15:41:48</sys_updated_on>
            <sys_user/>
            <type/>
        </sys_ui_element>
        <sys_ui_element action="INSERT_OR_UPDATE">
            <element>.split</element>
            <position>2</position>
            <sys_created_by>admin</sys_created_by>
            <sys_created_on>2025-07-25 15:41:48</sys_created_on>
            <sys_id>8cf79f80834ba650d44059d0deaad363</sys_id>
            <sys_mod_count>0</sys_mod_count>
            <sys_ui_formatter/>
            <sys_ui_section caption="Schedule Info" display_value="Schedule Info" name="x_1807905_covid1_0_doctor" sys_domain="global" view="Default view">73e75f80834ba650d44059d0deaad3c8</sys_ui_section>
            <sys_updated_by>admin</sys_updated_by>
            <sys_updated_on>2025-07-25 15:41:48</sys_updated_on>
            <sys_user/>
            <type>.split</type>
        </sys_ui_element>
        <sys_ui_element action="INSERT_OR_UPDATE">
            <element>available_to</element>
            <position>3</position>
            <sys_created_by>admin</sys_created_by>
            <sys_created_on>2025-07-25 15:41:48</sys_created_on>
            <sys_id>84f79f80834ba650d44059d0deaad364</sys_id>
            <sys_mod_count>0</sys_mod_count>
            <sys_ui_formatter/>
            <sys_ui_section caption="Schedule Info" display_value="Schedule Info" name="x_1807905_covid1_0_doctor" sys_domain="global" view="Default view">73e75f80834ba650d44059d0deaad3c8</sys_ui_section>
            <sys_updated_by>admin</sys_updated_by>
            <sys_updated_on>2025-07-25 15:41:48</sys_updated_on>
            <sys_user/>
            <type/>
        </sys_ui_element>
        <sys_ui_element action="INSERT_OR_UPDATE">
            <element>availability</element>
            <position>4</position>
            <sys_created_by>admin</sys_created_by>
            <sys_created_on>2025-07-25 15:41:48</sys_created_on>
            <sys_id>8cf79f80834ba650d44059d0deaad364</sys_id>
            <sys_mod_count>0</sys_mod_count>
            <sys_ui_formatter/>
            <sys_ui_section caption="Schedule Info" display_value="Schedule Info" name="x_1807905_covid1_0_doctor" sys_domain="global" view="Default view">73e75f80834ba650d44059d0deaad3c8</sys_ui_section>
            <sys_updated_by>admin</sys_updated_by>
            <sys_updated_on>2025-07-25 15:41:48</sys_updated_on>
            <sys_user/>
            <type/>
        </sys_ui_element>
        <sys_ui_section action="INSERT_OR_UPDATE">
            <caption>Schedule Info</caption>
            <header>false</header>
            <name>x_1807905_covid1_0_doctor</name>
            <roles/>
            <sys_class_name>sys_ui_section</sys_class_name>
            <sys_created_by>admin</sys_created_by>
            <sys_created_on>2025-07-25 15:41:47</sys_created_on>
            <sys_domain>global</sys_domain>
            <sys_domain_path>/</sys_domain_path>
            <sys_id>73e75f80834ba650d44059d0deaad3c8</sys_id>
            <sys_mod_count>0</sys_mod_count>
            <sys_name>x_1807905_covid1_0_doctor</sys_name>
            <sys_overrides/>
            <sys_package display_value="COVID19_Hospital_Admin_App" source="x_1807905_covid1_0">4907da17837aa250d44059d0deaad302</sys_package>
            <sys_policy/>
            <sys_scope display_value="COVID19_Hospital_Admin_App">4907da17837aa250d44059d0deaad302</sys_scope>
            <sys_update_name>sys_ui_section_73e75f80834ba650d44059d0deaad3c8</sys_update_name>
            <sys_updated_by>admin</sys_updated_by>
            <sys_updated_on>2025-07-25 15:41:47</sys_updated_on>
            <sys_user/>
            <title>false</title>
            <view display_value="Default view" name="NULL">Default view</view>
            <view_name/>
        </sys_ui_section>
    </sys_ui_section>
</record_update>
