<?xml version="1.0" encoding="UTF-8"?><record_update sys_domain="global" table="sys_ui_policy">
    <sys_ui_policy action="INSERT_OR_UPDATE">
        <active>true</active>
        <conditions table="x_1807905_covid1_0_patient">status=Postive^ORstatus!=Postive<item display_value="Positive" endquery="false" field="status" goto="false" newquery="false" operator="=" or="false" value="Postive"/>
            <item display_value="Positive" endquery="false" field="status" goto="false" newquery="false" operator="!=" or="true" value="Postive"/>
        </conditions>
        <description/>
        <global>true</global>
        <inherit>false</inherit>
        <isolate_script>true</isolate_script>
        <model_id/>
        <model_table/>
        <on_load>true</on_load>
        <order>999</order>
        <reverse_if_false>true</reverse_if_false>
        <run_scripts>false</run_scripts>
        <script_false><![CDATA[function onCondition() {}]]></script_false>
        <script_true><![CDATA[function onCondition() {}]]></script_true>
        <set_values/>
        <short_description>Show Symptoms if COVID Positive</short_description>
        <sys_class_name>sys_ui_policy</sys_class_name>
        <sys_created_by>aes.creator</sys_created_by>
        <sys_created_on>2025-07-24 15:39:17</sys_created_on>
        <sys_domain>global</sys_domain>
        <sys_domain_path>/</sys_domain_path>
        <sys_id>e1cd8efb83fe2650d44059d0deaad3ba</sys_id>
        <sys_mod_count>0</sys_mod_count>
        <sys_name>Show Symptoms if COVID Positive</sys_name>
        <sys_overrides/>
        <sys_package display_value="COVID19_Hospital_Admin_App" source="x_1807905_covid1_0">4907da17837aa250d44059d0deaad302</sys_package>
        <sys_policy/>
        <sys_scope display_value="COVID19_Hospital_Admin_App">4907da17837aa250d44059d0deaad302</sys_scope>
        <sys_update_name>sys_ui_policy_e1cd8efb83fe2650d44059d0deaad3ba</sys_update_name>
        <sys_updated_by>aes.creator</sys_updated_by>
        <sys_updated_on>2025-07-24 15:39:17</sys_updated_on>
        <table>x_1807905_covid1_0_patient</table>
        <ui_type>0</ui_type>
        <view/>
    </sys_ui_policy>
</record_update>
