<?xml version="1.0" encoding="UTF-8"?><record_update table="sys_security_acl_role">
    <sys_security_acl_role action="INSERT_OR_UPDATE">
        <sys_class_name>sys_security_acl_role</sys_class_name>
        <sys_created_by>aes.creator</sys_created_by>
        <sys_created_on>2025-07-23 09:05:33</sys_created_on>
        <sys_id>c41aebdb83fea250d44059d0deaad3f9</sys_id>
        <sys_mod_count>0</sys_mod_count>
        <sys_name>x_1807905_covid1_0_vaccination.x_1807905_covid1_0.admin</sys_name>
        <sys_package display_value="COVID19_Hospital_Admin_App" source="x_1807905_covid1_0">4907da17837aa250d44059d0deaad302</sys_package>
        <sys_policy/>
        <sys_scope display_value="COVID19_Hospital_Admin_App">4907da17837aa250d44059d0deaad302</sys_scope>
        <sys_security_acl display_value="x_1807905_covid1_0_vaccination">441aebdb83fea250d44059d0deaad3f6</sys_security_acl>
        <sys_update_name>sys_security_acl_role_c41aebdb83fea250d44059d0deaad3f9</sys_update_name>
        <sys_updated_by>aes.creator</sys_updated_by>
        <sys_updated_on>2025-07-23 09:05:33</sys_updated_on>
        <sys_user_role display_value="x_1807905_covid1_0.admin" name="x_1807905_covid1_0.admin">6907da17837aa250d44059d0deaad3af</sys_user_role>
    </sys_security_acl_role>
</record_update>
