<?xml version="1.0" encoding="UTF-8"?><record_update>
    <sys_ui_form_sections form_id="bbe79f80834ba650d44059d0deaad339" sys_domain="global" table="x_1807905_covid1_0_doctor" version="3">
        <sys_ui_form_section action="INSERT_OR_UPDATE">
            <position>0</position>
            <sys_created_by>admin</sys_created_by>
            <sys_created_on>2025-07-25 15:41:47</sys_created_on>
            <sys_domain>global</sys_domain>
            <sys_domain_path>/</sys_domain_path>
            <sys_id>77e79f80834ba650d44059d0deaad33d</sys_id>
            <sys_mod_count>0</sys_mod_count>
            <sys_overrides/>
            <sys_ui_form display_value="x_1807905_covid1_0_doctor" name="x_1807905_covid1_0_doctor" sys_domain="global" view="Default view">bbe79f80834ba650d44059d0deaad339</sys_ui_form>
            <sys_ui_section caption="Doctor Info" display_value="Doctor Info" name="x_1807905_covid1_0_doctor" sys_domain="global" view="Default view">81a71a57837aa250d44059d0deaad3e7</sys_ui_section>
            <sys_updated_by>admin</sys_updated_by>
            <sys_updated_on>2025-07-25 15:41:47</sys_updated_on>
        </sys_ui_form_section>
        <sys_ui_form_section action="INSERT_OR_UPDATE">
            <position>1</position>
            <sys_created_by>admin</sys_created_by>
            <sys_created_on>2025-07-25 15:41:47</sys_created_on>
            <sys_domain>global</sys_domain>
            <sys_domain_path>/</sys_domain_path>
            <sys_id>c0f79f80834ba650d44059d0deaad33e</sys_id>
            <sys_mod_count>0</sys_mod_count>
            <sys_overrides/>
            <sys_ui_form display_value="x_1807905_covid1_0_doctor" name="x_1807905_covid1_0_doctor" sys_domain="global" view="Default view">bbe79f80834ba650d44059d0deaad339</sys_ui_form>
            <sys_ui_section caption="Schedule Info" display_value="Schedule Info" name="x_1807905_covid1_0_doctor" sys_domain="global" view="Default view">73e75f80834ba650d44059d0deaad3c8</sys_ui_section>
            <sys_updated_by>admin</sys_updated_by>
            <sys_updated_on>2025-07-25 15:41:47</sys_updated_on>
        </sys_ui_form_section>
        <sys_ui_form action="INSERT_OR_UPDATE">
            <name>x_1807905_covid1_0_doctor</name>
            <roles/>
            <sys_class_name>sys_ui_form</sys_class_name>
            <sys_created_by>admin</sys_created_by>
            <sys_created_on>2025-07-25 15:41:47</sys_created_on>
            <sys_domain>global</sys_domain>
            <sys_domain_path>/</sys_domain_path>
            <sys_id>bbe79f80834ba650d44059d0deaad339</sys_id>
            <sys_mod_count>0</sys_mod_count>
            <sys_name>x_1807905_covid1_0_doctor</sys_name>
            <sys_overrides/>
            <sys_package display_value="COVID19_Hospital_Admin_App" source="x_1807905_covid1_0">4907da17837aa250d44059d0deaad302</sys_package>
            <sys_policy/>
            <sys_scope display_value="COVID19_Hospital_Admin_App">4907da17837aa250d44059d0deaad302</sys_scope>
            <sys_update_name>sys_ui_form_sections_bbe79f80834ba650d44059d0deaad339</sys_update_name>
            <sys_updated_by>admin</sys_updated_by>
            <sys_updated_on>2025-07-25 15:41:47</sys_updated_on>
            <sys_user/>
            <view display_value="Default view" name="NULL">Default view</view>
            <view_name/>
        </sys_ui_form>
    </sys_ui_form_sections>
</record_update>
