<?xml version="1.0" encoding="UTF-8"?><record_update sys_domain="global" table="sys_ui_policy">
    <sys_ui_policy action="INSERT_OR_UPDATE">
        <active>true</active>
        <conditions table="x_1807905_covid1_0_vaccination">dose_number=2^EQ<item endquery="false" field="dose_number" goto="false" newquery="false" operator="=" or="false" value="2"/>
            <item endquery="true" field="" goto="false" newquery="false" operator="=" or="false" value=""/>
        </conditions>
        <description/>
        <global>false</global>
        <inherit>false</inherit>
        <isolate_script>true</isolate_script>
        <model_id/>
        <model_table/>
        <on_load>true</on_load>
        <order>100</order>
        <reverse_if_false>true</reverse_if_false>
        <run_scripts>false</run_scripts>
        <script_false><![CDATA[function onCondition() {

}]]></script_false>
        <script_true><![CDATA[function onCondition() {

}]]></script_true>
        <set_values/>
        <short_description>Show Approved By When Dose is 2</short_description>
        <sys_class_name>sys_ui_policy</sys_class_name>
        <sys_created_by>admin</sys_created_by>
        <sys_created_on>2025-07-25 15:21:11</sys_created_on>
        <sys_domain>global</sys_domain>
        <sys_domain_path>/</sys_domain_path>
        <sys_id>b4b2930c830ba650d44059d0deaad376</sys_id>
        <sys_mod_count>0</sys_mod_count>
        <sys_name>Show Approved By When Dose is 2</sys_name>
        <sys_overrides/>
        <sys_package display_value="COVID19_Hospital_Admin_App" source="x_1807905_covid1_0">4907da17837aa250d44059d0deaad302</sys_package>
        <sys_policy/>
        <sys_scope display_value="COVID19_Hospital_Admin_App">4907da17837aa250d44059d0deaad302</sys_scope>
        <sys_update_name>sys_ui_policy_b4b2930c830ba650d44059d0deaad376</sys_update_name>
        <sys_updated_by>admin</sys_updated_by>
        <sys_updated_on>2025-07-25 15:21:11</sys_updated_on>
        <table>x_1807905_covid1_0_vaccination</table>
        <ui_type>0</ui_type>
        <view/>
    </sys_ui_policy>
</record_update>
