<?xml version="1.0" encoding="UTF-8"?><record_update>
    <sys_documentation element="contact_number" label="Contact Number" language="en" table="x_1807905_covid1_0_patient">
        <sys_documentation action="INSERT_OR_UPDATE">
            <element>contact_number</element>
            <help/>
            <hint/>
            <label>Contact Number</label>
            <language>en</language>
            <name>x_1807905_covid1_0_patient</name>
            <plural/>
            <sys_class_name>sys_documentation</sys_class_name>
            <sys_created_by>aes.creator</sys_created_by>
            <sys_created_on>2025-07-24 15:20:26</sys_created_on>
            <sys_mod_count>3</sys_mod_count>
            <sys_name>Contact Number</sys_name>
            <sys_package display_value="COVID19_Hospital_Admin_App" source="x_1807905_covid1_0">4907da17837aa250d44059d0deaad302</sys_package>
            <sys_policy/>
            <sys_scope display_value="COVID19_Hospital_Admin_App">4907da17837aa250d44059d0deaad302</sys_scope>
            <sys_update_name>sys_documentation_x_1807905_covid1_0_patient_contact_number_en</sys_update_name>
            <sys_updated_by>aes.creator</sys_updated_by>
            <sys_updated_on>2025-07-24 15:20:27</sys_updated_on>
            <url/>
            <url_target/>
        </sys_documentation>
    </sys_documentation>
</record_update>
