<?xml version="1.0" encoding="UTF-8"?><record_update>
    <sys_documentation element="available_from" label="Available_From" language="en" table="x_1807905_covid1_0_doctor">
        <sys_documentation action="INSERT_OR_UPDATE">
            <element>available_from</element>
            <help/>
            <hint/>
            <label>Available_From</label>
            <language>en</language>
            <name>x_1807905_covid1_0_doctor</name>
            <plural/>
            <sys_class_name>sys_documentation</sys_class_name>
            <sys_created_by>admin</sys_created_by>
            <sys_created_on>2025-07-25 15:39:42</sys_created_on>
            <sys_mod_count>3</sys_mod_count>
            <sys_name>Available_From</sys_name>
            <sys_package display_value="COVID19_Hospital_Admin_App" source="x_1807905_covid1_0">4907da17837aa250d44059d0deaad302</sys_package>
            <sys_policy/>
            <sys_scope display_value="COVID19_Hospital_Admin_App">4907da17837aa250d44059d0deaad302</sys_scope>
            <sys_update_name>sys_documentation_x_1807905_covid1_0_doctor_available_from_en</sys_update_name>
            <sys_updated_by>admin</sys_updated_by>
            <sys_updated_on>2025-07-25 15:39:44</sys_updated_on>
            <url/>
            <url_target/>
        </sys_documentation>
    </sys_documentation>
</record_update>
