<?xml version="1.0" encoding="UTF-8"?><record_update>
    <sys_ui_section caption="Doctor Info" section_id="81a71a57837aa250d44059d0deaad3e7" sys_domain="global" table="x_1807905_covid1_0_doctor" version="3" view="">
        <sys_ui_element action="INSERT_OR_UPDATE">
            <element>name</element>
            <position>0</position>
            <sys_created_by>admin</sys_created_by>
            <sys_created_on>2025-07-25 15:41:48</sys_created_on>
            <sys_id>00f79f80834ba650d44059d0deaad35e</sys_id>
            <sys_mod_count>0</sys_mod_count>
            <sys_ui_formatter/>
            <sys_ui_section caption="Doctor Info" display_value="Doctor Info" name="x_1807905_covid1_0_doctor" sys_domain="global" view="Default view">81a71a57837aa250d44059d0deaad3e7</sys_ui_section>
            <sys_updated_by>admin</sys_updated_by>
            <sys_updated_on>2025-07-25 15:41:48</sys_updated_on>
            <sys_user/>
            <type/>
        </sys_ui_element>
        <sys_ui_element action="INSERT_OR_UPDATE">
            <element>.split</element>
            <position>1</position>
            <sys_created_by>admin</sys_created_by>
            <sys_created_on>2025-07-25 15:41:48</sys_created_on>
            <sys_id>08f79f80834ba650d44059d0deaad35e</sys_id>
            <sys_mod_count>0</sys_mod_count>
            <sys_ui_formatter/>
            <sys_ui_section caption="Doctor Info" display_value="Doctor Info" name="x_1807905_covid1_0_doctor" sys_domain="global" view="Default view">81a71a57837aa250d44059d0deaad3e7</sys_ui_section>
            <sys_updated_by>admin</sys_updated_by>
            <sys_updated_on>2025-07-25 15:41:48</sys_updated_on>
            <sys_user/>
            <type>.split</type>
        </sys_ui_element>
        <sys_ui_element action="INSERT_OR_UPDATE">
            <element>specialization</element>
            <position>2</position>
            <sys_created_by>admin</sys_created_by>
            <sys_created_on>2025-07-25 15:41:48</sys_created_on>
            <sys_id>00f79f80834ba650d44059d0deaad35f</sys_id>
            <sys_mod_count>0</sys_mod_count>
            <sys_ui_formatter/>
            <sys_ui_section caption="Doctor Info" display_value="Doctor Info" name="x_1807905_covid1_0_doctor" sys_domain="global" view="Default view">81a71a57837aa250d44059d0deaad3e7</sys_ui_section>
            <sys_updated_by>admin</sys_updated_by>
            <sys_updated_on>2025-07-25 15:41:48</sys_updated_on>
            <sys_user/>
            <type/>
        </sys_ui_element>
        <sys_ui_section action="INSERT_OR_UPDATE">
            <caption>Doctor Info</caption>
            <header>false</header>
            <name>x_1807905_covid1_0_doctor</name>
            <roles/>
            <sys_class_name>sys_ui_section</sys_class_name>
            <sys_created_by>aes.creator</sys_created_by>
            <sys_created_on>2025-07-23 03:05:26</sys_created_on>
            <sys_domain>global</sys_domain>
            <sys_domain_path>/</sys_domain_path>
            <sys_id>81a71a57837aa250d44059d0deaad3e7</sys_id>
            <sys_mod_count>1</sys_mod_count>
            <sys_name>x_1807905_covid1_0_doctor</sys_name>
            <sys_overrides/>
            <sys_package display_value="COVID19_Hospital_Admin_App" source="x_1807905_covid1_0">4907da17837aa250d44059d0deaad302</sys_package>
            <sys_policy/>
            <sys_scope display_value="COVID19_Hospital_Admin_App">4907da17837aa250d44059d0deaad302</sys_scope>
            <sys_update_name>sys_ui_section_81a71a57837aa250d44059d0deaad3e7</sys_update_name>
            <sys_updated_by>admin</sys_updated_by>
            <sys_updated_on>2025-07-25 15:41:46</sys_updated_on>
            <sys_user/>
            <title>true</title>
            <view display_value="Default view" name="NULL">Default view</view>
            <view_name/>
        </sys_ui_section>
    </sys_ui_section>
</record_update>
