<?xml version="1.0" encoding="UTF-8"?><record_update>
    <sys_ui_section caption="" section_id="895a5a97837aa250d44059d0deaad3b5" sys_domain="global" table="x_1807905_covid1_0_patient" version="3" view="">
        <sys_ui_element action="INSERT_OR_UPDATE">
            <element>name</element>
            <position>0</position>
            <sys_created_by>aes.creator</sys_created_by>
            <sys_created_on>2025-07-24 15:20:28</sys_created_on>
            <sys_id>35798ab783fe2650d44059d0deaad39d</sys_id>
            <sys_mod_count>0</sys_mod_count>
            <sys_ui_formatter/>
            <sys_ui_section caption="NULL" display_value="" name="x_1807905_covid1_0_patient" sys_domain="global" view="Default view">895a5a97837aa250d44059d0deaad3b5</sys_ui_section>
            <sys_updated_by>aes.creator</sys_updated_by>
            <sys_updated_on>2025-07-24 15:20:28</sys_updated_on>
            <sys_user/>
            <type/>
        </sys_ui_element>
        <sys_ui_element action="INSERT_OR_UPDATE">
            <element>age</element>
            <position>1</position>
            <sys_created_by>aes.creator</sys_created_by>
            <sys_created_on>2025-07-24 15:20:28</sys_created_on>
            <sys_id>b9798ab783fe2650d44059d0deaad39d</sys_id>
            <sys_mod_count>0</sys_mod_count>
            <sys_ui_formatter/>
            <sys_ui_section caption="NULL" display_value="" name="x_1807905_covid1_0_patient" sys_domain="global" view="Default view">895a5a97837aa250d44059d0deaad3b5</sys_ui_section>
            <sys_updated_by>aes.creator</sys_updated_by>
            <sys_updated_on>2025-07-24 15:20:28</sys_updated_on>
            <sys_user/>
            <type/>
        </sys_ui_element>
        <sys_ui_element action="INSERT_OR_UPDATE">
            <element>gender</element>
            <position>2</position>
            <sys_created_by>aes.creator</sys_created_by>
            <sys_created_on>2025-07-24 15:20:28</sys_created_on>
            <sys_id>31798ab783fe2650d44059d0deaad39e</sys_id>
            <sys_mod_count>0</sys_mod_count>
            <sys_ui_formatter/>
            <sys_ui_section caption="NULL" display_value="" name="x_1807905_covid1_0_patient" sys_domain="global" view="Default view">895a5a97837aa250d44059d0deaad3b5</sys_ui_section>
            <sys_updated_by>aes.creator</sys_updated_by>
            <sys_updated_on>2025-07-24 15:20:28</sys_updated_on>
            <sys_user/>
            <type/>
        </sys_ui_element>
        <sys_ui_element action="INSERT_OR_UPDATE">
            <element>contact_number</element>
            <position>3</position>
            <sys_created_by>aes.creator</sys_created_by>
            <sys_created_on>2025-07-24 15:20:28</sys_created_on>
            <sys_id>b5798ab783fe2650d44059d0deaad39e</sys_id>
            <sys_mod_count>0</sys_mod_count>
            <sys_ui_formatter/>
            <sys_ui_section caption="NULL" display_value="" name="x_1807905_covid1_0_patient" sys_domain="global" view="Default view">895a5a97837aa250d44059d0deaad3b5</sys_ui_section>
            <sys_updated_by>aes.creator</sys_updated_by>
            <sys_updated_on>2025-07-24 15:20:28</sys_updated_on>
            <sys_user/>
            <type/>
        </sys_ui_element>
        <sys_ui_element action="INSERT_OR_UPDATE">
            <element>.split</element>
            <position>4</position>
            <sys_created_by>aes.creator</sys_created_by>
            <sys_created_on>2025-07-24 15:20:28</sys_created_on>
            <sys_id>3d798ab783fe2650d44059d0deaad39e</sys_id>
            <sys_mod_count>0</sys_mod_count>
            <sys_ui_formatter/>
            <sys_ui_section caption="NULL" display_value="" name="x_1807905_covid1_0_patient" sys_domain="global" view="Default view">895a5a97837aa250d44059d0deaad3b5</sys_ui_section>
            <sys_updated_by>aes.creator</sys_updated_by>
            <sys_updated_on>2025-07-24 15:20:28</sys_updated_on>
            <sys_user/>
            <type>.split</type>
        </sys_ui_element>
        <sys_ui_element action="INSERT_OR_UPDATE">
            <element>status</element>
            <position>5</position>
            <sys_created_by>aes.creator</sys_created_by>
            <sys_created_on>2025-07-24 15:20:28</sys_created_on>
            <sys_id>b1798ab783fe2650d44059d0deaad39f</sys_id>
            <sys_mod_count>0</sys_mod_count>
            <sys_ui_formatter/>
            <sys_ui_section caption="NULL" display_value="" name="x_1807905_covid1_0_patient" sys_domain="global" view="Default view">895a5a97837aa250d44059d0deaad3b5</sys_ui_section>
            <sys_updated_by>aes.creator</sys_updated_by>
            <sys_updated_on>2025-07-24 15:20:28</sys_updated_on>
            <sys_user/>
            <type/>
        </sys_ui_element>
        <sys_ui_element action="INSERT_OR_UPDATE">
            <element>assigned_doctor</element>
            <position>6</position>
            <sys_created_by>aes.creator</sys_created_by>
            <sys_created_on>2025-07-24 15:20:28</sys_created_on>
            <sys_id>39798ab783fe2650d44059d0deaad39f</sys_id>
            <sys_mod_count>0</sys_mod_count>
            <sys_ui_formatter/>
            <sys_ui_section caption="NULL" display_value="" name="x_1807905_covid1_0_patient" sys_domain="global" view="Default view">895a5a97837aa250d44059d0deaad3b5</sys_ui_section>
            <sys_updated_by>aes.creator</sys_updated_by>
            <sys_updated_on>2025-07-24 15:20:28</sys_updated_on>
            <sys_user/>
            <type/>
        </sys_ui_element>
        <sys_ui_element action="INSERT_OR_UPDATE">
            <element>symptoms</element>
            <position>7</position>
            <sys_created_by>aes.creator</sys_created_by>
            <sys_created_on>2025-07-24 15:20:28</sys_created_on>
            <sys_id>bd798ab783fe2650d44059d0deaad39f</sys_id>
            <sys_mod_count>0</sys_mod_count>
            <sys_ui_formatter/>
            <sys_ui_section caption="NULL" display_value="" name="x_1807905_covid1_0_patient" sys_domain="global" view="Default view">895a5a97837aa250d44059d0deaad3b5</sys_ui_section>
            <sys_updated_by>aes.creator</sys_updated_by>
            <sys_updated_on>2025-07-24 15:20:28</sys_updated_on>
            <sys_user/>
            <type/>
        </sys_ui_element>
        <sys_ui_element action="INSERT_OR_UPDATE">
            <element>admission_date</element>
            <position>8</position>
            <sys_created_by>aes.creator</sys_created_by>
            <sys_created_on>2025-07-24 15:20:28</sys_created_on>
            <sys_id>35798ab783fe2650d44059d0deaad3a0</sys_id>
            <sys_mod_count>0</sys_mod_count>
            <sys_ui_formatter/>
            <sys_ui_section caption="NULL" display_value="" name="x_1807905_covid1_0_patient" sys_domain="global" view="Default view">895a5a97837aa250d44059d0deaad3b5</sys_ui_section>
            <sys_updated_by>aes.creator</sys_updated_by>
            <sys_updated_on>2025-07-24 15:20:28</sys_updated_on>
            <sys_user/>
            <type/>
        </sys_ui_element>
        <sys_ui_section action="INSERT_OR_UPDATE">
            <caption/>
            <header>false</header>
            <name>x_1807905_covid1_0_patient</name>
            <roles/>
            <sys_class_name>sys_ui_section</sys_class_name>
            <sys_created_by>aes.creator</sys_created_by>
            <sys_created_on>2025-07-23 03:17:10</sys_created_on>
            <sys_domain>global</sys_domain>
            <sys_domain_path>/</sys_domain_path>
            <sys_id>895a5a97837aa250d44059d0deaad3b5</sys_id>
            <sys_mod_count>0</sys_mod_count>
            <sys_name>x_1807905_covid1_0_patient</sys_name>
            <sys_overrides/>
            <sys_package display_value="COVID19_Hospital_Admin_App" source="x_1807905_covid1_0">4907da17837aa250d44059d0deaad302</sys_package>
            <sys_policy/>
            <sys_scope display_value="COVID19_Hospital_Admin_App">4907da17837aa250d44059d0deaad302</sys_scope>
            <sys_update_name>sys_ui_section_895a5a97837aa250d44059d0deaad3b5</sys_update_name>
            <sys_updated_by>aes.creator</sys_updated_by>
            <sys_updated_on>2025-07-23 03:17:10</sys_updated_on>
            <sys_user/>
            <title>true</title>
            <view display_value="Default view" name="NULL">Default view</view>
            <view_name/>
        </sys_ui_section>
    </sys_ui_section>
</record_update>
