<?xml version="1.0" encoding="UTF-8"?><record_update>
    <sys_ui_list parent="" relationship="" sys_domain="global" table="x_1807905_covid1_0_patient" version="2" view="">
        <sys_ui_list_element action="INSERT_OR_UPDATE">
            <average_value>false</average_value>
            <element>sys_created_on</element>
            <list_id display_value="x_1807905_covid1_0_patient" element="NULL" name="x_1807905_covid1_0_patient" parent="NULL" relationship="NULL" sys_domain="global" view="Default view">855a525b837aa250d44059d0deaad336</list_id>
            <max_value>false</max_value>
            <min_value>false</min_value>
            <position>0</position>
            <sum>false</sum>
            <sys_created_by>aes.creator</sys_created_by>
            <sys_created_on>2025-07-23 03:17:10</sys_created_on>
            <sys_id>c15a525b837aa250d44059d0deaad337</sys_id>
            <sys_mod_count>0</sys_mod_count>
            <sys_updated_by>aes.creator</sys_updated_by>
            <sys_updated_on>2025-07-23 03:17:10</sys_updated_on>
        </sys_ui_list_element>
        <sys_ui_list_element action="INSERT_OR_UPDATE">
            <average_value>false</average_value>
            <element>sys_created_by</element>
            <list_id display_value="x_1807905_covid1_0_patient" element="NULL" name="x_1807905_covid1_0_patient" parent="NULL" relationship="NULL" sys_domain="global" view="Default view">855a525b837aa250d44059d0deaad336</list_id>
            <max_value>false</max_value>
            <min_value>false</min_value>
            <position>1</position>
            <sum>false</sum>
            <sys_created_by>aes.creator</sys_created_by>
            <sys_created_on>2025-07-23 03:17:10</sys_created_on>
            <sys_id>455a525b837aa250d44059d0deaad337</sys_id>
            <sys_mod_count>0</sys_mod_count>
            <sys_updated_by>aes.creator</sys_updated_by>
            <sys_updated_on>2025-07-23 03:17:10</sys_updated_on>
        </sys_ui_list_element>
        <sys_ui_list_element action="INSERT_OR_UPDATE">
            <average_value>false</average_value>
            <element>sys_updated_on</element>
            <list_id display_value="x_1807905_covid1_0_patient" element="NULL" name="x_1807905_covid1_0_patient" parent="NULL" relationship="NULL" sys_domain="global" view="Default view">855a525b837aa250d44059d0deaad336</list_id>
            <max_value>false</max_value>
            <min_value>false</min_value>
            <position>2</position>
            <sum>false</sum>
            <sys_created_by>aes.creator</sys_created_by>
            <sys_created_on>2025-07-23 03:17:10</sys_created_on>
            <sys_id>c55a525b837aa250d44059d0deaad337</sys_id>
            <sys_mod_count>0</sys_mod_count>
            <sys_updated_by>aes.creator</sys_updated_by>
            <sys_updated_on>2025-07-23 03:17:10</sys_updated_on>
        </sys_ui_list_element>
        <sys_ui_list_element action="INSERT_OR_UPDATE">
            <average_value>false</average_value>
            <element>sys_updated_by</element>
            <list_id display_value="x_1807905_covid1_0_patient" element="NULL" name="x_1807905_covid1_0_patient" parent="NULL" relationship="NULL" sys_domain="global" view="Default view">855a525b837aa250d44059d0deaad336</list_id>
            <max_value>false</max_value>
            <min_value>false</min_value>
            <position>3</position>
            <sum>false</sum>
            <sys_created_by>aes.creator</sys_created_by>
            <sys_created_on>2025-07-23 03:17:10</sys_created_on>
            <sys_id>495a525b837aa250d44059d0deaad337</sys_id>
            <sys_mod_count>0</sys_mod_count>
            <sys_updated_by>aes.creator</sys_updated_by>
            <sys_updated_on>2025-07-23 03:17:10</sys_updated_on>
        </sys_ui_list_element>
        <sys_ui_list_element action="INSERT_OR_UPDATE">
            <average_value>false</average_value>
            <element>sys_mod_count</element>
            <list_id display_value="x_1807905_covid1_0_patient" element="NULL" name="x_1807905_covid1_0_patient" parent="NULL" relationship="NULL" sys_domain="global" view="Default view">855a525b837aa250d44059d0deaad336</list_id>
            <max_value>false</max_value>
            <min_value>false</min_value>
            <position>4</position>
            <sum>false</sum>
            <sys_created_by>aes.creator</sys_created_by>
            <sys_created_on>2025-07-23 03:17:10</sys_created_on>
            <sys_id>c95a525b837aa250d44059d0deaad337</sys_id>
            <sys_mod_count>0</sys_mod_count>
            <sys_updated_by>aes.creator</sys_updated_by>
            <sys_updated_on>2025-07-23 03:17:10</sys_updated_on>
        </sys_ui_list_element>
        <sys_ui_list action="INSERT_OR_UPDATE">
            <average_value>false</average_value>
            <element/>
            <max_value>false</max_value>
            <min_value>false</min_value>
            <name>x_1807905_covid1_0_patient</name>
            <parent/>
            <position/>
            <relationship/>
            <sum>false</sum>
            <sys_class_name>sys_ui_list</sys_class_name>
            <sys_created_by>aes.creator</sys_created_by>
            <sys_created_on>2025-07-23 03:17:10</sys_created_on>
            <sys_domain>global</sys_domain>
            <sys_domain_path>/</sys_domain_path>
            <sys_id>855a525b837aa250d44059d0deaad336</sys_id>
            <sys_mod_count>0</sys_mod_count>
            <sys_name>x_1807905_covid1_0_patient</sys_name>
            <sys_package display_value="COVID19_Hospital_Admin_App" source="x_1807905_covid1_0">4907da17837aa250d44059d0deaad302</sys_package>
            <sys_policy/>
            <sys_scope display_value="COVID19_Hospital_Admin_App">4907da17837aa250d44059d0deaad302</sys_scope>
            <sys_update_name>sys_ui_list_x_1807905_covid1_0_patient_null</sys_update_name>
            <sys_updated_by>aes.creator</sys_updated_by>
            <sys_updated_on>2025-07-23 03:17:10</sys_updated_on>
            <sys_user/>
            <view display_value="Default view" name="NULL">Default view</view>
            <view_name/>
        </sys_ui_list>
    </sys_ui_list>
</record_update>
