<?xml version="1.0" encoding="UTF-8"?><record_update sys_domain="global" table="sys_script_client">
    <sys_script_client action="INSERT_OR_UPDATE">
        <active>true</active>
        <applies_extended>false</applies_extended>
        <condition/>
        <description/>
        <field>shift</field>
        <global>true</global>
        <isolate_script>true</isolate_script>
        <messages/>
        <name>Set Night Shift Timing</name>
        <order/>
        <script><![CDATA[function onChange(control, oldValue, newValue, isLoading) {
  if (isLoading || newValue !== 'Night') {
    return;
  }

  var now = new Date();

  // Set "available_from" to today at 8:00 PM
  var fromDate = new Date(now);
  fromDate.setHours(20, 0, 0, 0); // 8:00 PM

  // Set "available_to" to tomorrow at 6:00 AM
  var toDate = new Date(now);
  toDate.setDate(toDate.getDate() + 1); // next day
  toDate.setHours(6, 0, 0, 0); // 6:00 AM

  // Convert to Glide-compatible format
  var fromString = fromDate.toISOString().slice(0, 19);
  var toString = toDate.toISOString().slice(0, 19);

  g_form.setValue('available_from', fromString);
  g_form.setValue('available_to', toString);
}
]]></script>
        <sys_class_name>sys_script_client</sys_class_name>
        <sys_created_by>admin</sys_created_by>
        <sys_created_on>2025-07-25 15:47:23</sys_created_on>
        <sys_domain>global</sys_domain>
        <sys_domain_path>/</sys_domain_path>
        <sys_id>80e85304834ba650d44059d0deaad32c</sys_id>
        <sys_mod_count>0</sys_mod_count>
        <sys_name>Set Night Shift Timing</sys_name>
        <sys_overrides/>
        <sys_package display_value="COVID19_Hospital_Admin_App" source="x_1807905_covid1_0">4907da17837aa250d44059d0deaad302</sys_package>
        <sys_policy/>
        <sys_scope display_value="COVID19_Hospital_Admin_App">4907da17837aa250d44059d0deaad302</sys_scope>
        <sys_update_name>sys_script_client_80e85304834ba650d44059d0deaad32c</sys_update_name>
        <sys_updated_by>admin</sys_updated_by>
        <sys_updated_on>2025-07-25 15:47:23</sys_updated_on>
        <table>x_1807905_covid1_0_doctor</table>
        <type>onChange</type>
        <ui_type>10</ui_type>
        <view/>
    </sys_script_client>
</record_update>
