<?xml version="1.0" encoding="UTF-8"?><record_update table="sys_ui_policy_action">
    <sys_ui_policy_action action="INSERT_OR_UPDATE">
        <cleared>false</cleared>
        <disabled>ignore</disabled>
        <field>symptoms</field>
        <field_message/>
        <field_message_type>none</field_message_type>
        <mandatory>ignore</mandatory>
        <sys_class_name>sys_ui_policy_action</sys_class_name>
        <sys_created_by>aes.creator</sys_created_by>
        <sys_created_on>2025-07-24 15:39:17</sys_created_on>
        <sys_id>2dcd8efb83fe2650d44059d0deaad3bc</sys_id>
        <sys_mod_count>0</sys_mod_count>
        <sys_name>symptoms</sys_name>
        <sys_package display_value="COVID19_Hospital_Admin_App" source="x_1807905_covid1_0">4907da17837aa250d44059d0deaad302</sys_package>
        <sys_policy/>
        <sys_scope display_value="COVID19_Hospital_Admin_App">4907da17837aa250d44059d0deaad302</sys_scope>
        <sys_update_name>sys_ui_policy_action_2dcd8efb83fe2650d44059d0deaad3bc</sys_update_name>
        <sys_updated_by>aes.creator</sys_updated_by>
        <sys_updated_on>2025-07-24 15:39:17</sys_updated_on>
        <table>x_1807905_covid1_0_patient</table>
        <ui_policy display_value="Show Symptoms if COVID Positive">e1cd8efb83fe2650d44059d0deaad3ba</ui_policy>
        <value/>
        <value_action>ignore</value_action>
        <visible>true</visible>
    </sys_ui_policy_action>
    <sys_translated_text action="delete_multiple" query="documentkey=2dcd8efb83fe2650d44059d0deaad3bc"/>
</record_update>
