<?xml version="1.0" encoding="UTF-8"?><record_update table="sys_user_role">
    <sys_user_role action="INSERT_OR_UPDATE">
        <assignable_by/>
        <can_delegate>true</can_delegate>
        <description>Default admin role</description>
        <elevated_privilege>false</elevated_privilege>
        <grantable>true</grantable>
        <includes_roles/>
        <name>x_1807905_covid1_0.admin</name>
        <scoped_admin>false</scoped_admin>
        <suffix>admin</suffix>
        <sys_class_name>sys_user_role</sys_class_name>
        <sys_created_by>aes.creator</sys_created_by>
        <sys_created_on>2025-07-23 03:02:45</sys_created_on>
        <sys_id>6907da17837aa250d44059d0deaad3af</sys_id>
        <sys_mod_count>0</sys_mod_count>
        <sys_name>x_1807905_covid1_0.admin</sys_name>
        <sys_package display_value="COVID19_Hospital_Admin_App" source="x_1807905_covid1_0">4907da17837aa250d44059d0deaad302</sys_package>
        <sys_policy/>
        <sys_scope display_value="COVID19_Hospital_Admin_App">4907da17837aa250d44059d0deaad302</sys_scope>
        <sys_update_name>sys_user_role_6907da17837aa250d44059d0deaad3af</sys_update_name>
        <sys_updated_by>aes.creator</sys_updated_by>
        <sys_updated_on>2025-07-23 03:02:45</sys_updated_on>
    </sys_user_role>
</record_update>
