<?xml version="1.0" encoding="UTF-8"?><record_update table="sys_ui_policy_action">
    <sys_ui_policy_action action="INSERT_OR_UPDATE">
        <cleared>false</cleared>
        <disabled>ignore</disabled>
        <field>doctor_approval</field>
        <field_message/>
        <field_message_type>none</field_message_type>
        <mandatory>ignore</mandatory>
        <sys_class_name>sys_ui_policy_action</sys_class_name>
        <sys_created_by>admin</sys_created_by>
        <sys_created_on>2025-07-25 15:26:31</sys_created_on>
        <sys_id>64e3db4c830ba650d44059d0deaad341</sys_id>
        <sys_mod_count>0</sys_mod_count>
        <sys_name>doctor_approval</sys_name>
        <sys_package display_value="COVID19_Hospital_Admin_App" source="x_1807905_covid1_0">4907da17837aa250d44059d0deaad302</sys_package>
        <sys_policy/>
        <sys_scope display_value="COVID19_Hospital_Admin_App">4907da17837aa250d44059d0deaad302</sys_scope>
        <sys_update_name>sys_ui_policy_action_64e3db4c830ba650d44059d0deaad341</sys_update_name>
        <sys_updated_by>admin</sys_updated_by>
        <sys_updated_on>2025-07-25 15:26:31</sys_updated_on>
        <table>x_1807905_covid1_0_vaccination</table>
        <ui_policy display_value="Show Approved By When Dose is 2">b4b2930c830ba650d44059d0deaad376</ui_policy>
        <value/>
        <value_action>ignore</value_action>
        <visible>true</visible>
    </sys_ui_policy_action>
    <sys_translated_text action="delete_multiple" query="documentkey=64e3db4c830ba650d44059d0deaad341"/>
</record_update>
