<?xml version="1.0" encoding="UTF-8"?><record_update>
    <sys_documentation element="status" label="Status" language="en" table="x_1807905_covid1_0_patient">
        <sys_documentation action="INSERT_OR_UPDATE">
            <element>status</element>
            <help/>
            <hint/>
            <label>Status</label>
            <language>en</language>
            <name>x_1807905_covid1_0_patient</name>
            <plural/>
            <sys_class_name>sys_documentation</sys_class_name>
            <sys_created_by>aes.creator</sys_created_by>
            <sys_created_on>2025-07-23 09:01:22</sys_created_on>
            <sys_mod_count>5</sys_mod_count>
            <sys_name>Status</sys_name>
            <sys_package display_value="COVID19_Hospital_Admin_App" source="x_1807905_covid1_0">4907da17837aa250d44059d0deaad302</sys_package>
            <sys_policy/>
            <sys_scope display_value="COVID19_Hospital_Admin_App">4907da17837aa250d44059d0deaad302</sys_scope>
            <sys_update_name>sys_documentation_x_1807905_covid1_0_patient_status_en</sys_update_name>
            <sys_updated_by>aes.creator</sys_updated_by>
            <sys_updated_on>2025-07-24 15:20:28</sys_updated_on>
            <url/>
            <url_target/>
        </sys_documentation>
    </sys_documentation>
</record_update>
