<?xml version="1.0" encoding="UTF-8"?><record_update sys_domain="global" table="sys_script_client">
    <sys_script_client action="INSERT_OR_UPDATE">
        <active>true</active>
        <applies_extended>false</applies_extended>
        <condition/>
        <description/>
        <field/>
        <global>true</global>
        <isolate_script>true</isolate_script>
        <messages/>
        <name>SetAdmissionDate</name>
        <order/>
        <script><![CDATA[function onLoad() {
  var admissionDateField = g_form.getValue('admission_date');

  // If not already set, set to today's date
  if (!admissionDateField) {
    var today = new Date();
    var yyyy = today.getFullYear();
    var mm = String(today.getMonth() + 1).padStart(2, '0');
    var dd = String(today.getDate()).padStart(2, '0');

    var formattedDate = yyyy + '-' + mm + '-' + dd;
    g_form.setValue('admission_date', formattedDate);
  }
}
]]></script>
        <sys_class_name>sys_script_client</sys_class_name>
        <sys_created_by>aes.creator</sys_created_by>
        <sys_created_on>2025-07-24 16:34:01</sys_created_on>
        <sys_domain>global</sys_domain>
        <sys_domain_path>/</sys_domain_path>
        <sys_id>6b1a52bb83326650d44059d0deaad30c</sys_id>
        <sys_mod_count>1</sys_mod_count>
        <sys_name>SetAdmissionDate</sys_name>
        <sys_overrides/>
        <sys_package display_value="COVID19_Hospital_Admin_App" source="x_1807905_covid1_0">4907da17837aa250d44059d0deaad302</sys_package>
        <sys_policy/>
        <sys_scope display_value="COVID19_Hospital_Admin_App">4907da17837aa250d44059d0deaad302</sys_scope>
        <sys_update_name>sys_script_client_6b1a52bb83326650d44059d0deaad30c</sys_update_name>
        <sys_updated_by>admin</sys_updated_by>
        <sys_updated_on>2025-07-25 14:37:23</sys_updated_on>
        <table>x_1807905_covid1_0_patient</table>
        <type>onLoad</type>
        <ui_type>0</ui_type>
        <view/>
    </sys_script_client>
</record_update>
