<?xml version="1.0" encoding="UTF-8"?><record_update>
    <sys_choice action="INSERT_OR_UPDATE" field="gender" table="x_1807905_covid1_0_patient" version="3">
        <sys_choice_set action="INSERT_OR_UPDATE">
            <element>gender</element>
            <name>x_1807905_covid1_0_patient</name>
            <sys_class_name>sys_choice_set</sys_class_name>
            <sys_created_by>aes.creator</sys_created_by>
            <sys_created_on>2025-07-24 15:20:28</sys_created_on>
            <sys_mod_count>0</sys_mod_count>
            <sys_name>gender</sys_name>
            <sys_package display_value="COVID19_Hospital_Admin_App" source="x_1807905_covid1_0">4907da17837aa250d44059d0deaad302</sys_package>
            <sys_policy/>
            <sys_scope display_value="COVID19_Hospital_Admin_App">4907da17837aa250d44059d0deaad302</sys_scope>
            <sys_update_name>sys_choice_x_1807905_covid1_0_patient_gender</sys_update_name>
            <sys_updated_by>aes.creator</sys_updated_by>
            <sys_updated_on>2025-07-24 15:20:28</sys_updated_on>
        </sys_choice_set>
        <sys_choice action="INSERT_OR_UPDATE">
            <dependent_value/>
            <element>gender</element>
            <hint/>
            <inactive>false</inactive>
            <label>Male</label>
            <language>en</language>
            <name>x_1807905_covid1_0_patient</name>
            <sequence>0</sequence>
            <synonyms/>
            <sys_created_by>aes.creator</sys_created_by>
            <sys_created_on>2025-07-24 15:20:28</sys_created_on>
            <sys_domain>global</sys_domain>
            <sys_domain_path>/</sys_domain_path>
            <sys_mod_count>0</sys_mod_count>
            <sys_updated_by>aes.creator</sys_updated_by>
            <sys_updated_on>2025-07-24 15:20:28</sys_updated_on>
            <value>Male</value>
        </sys_choice>
        <sys_choice action="INSERT_OR_UPDATE">
            <dependent_value/>
            <element>gender</element>
            <hint/>
            <inactive>false</inactive>
            <label>Female</label>
            <language>en</language>
            <name>x_1807905_covid1_0_patient</name>
            <sequence>1</sequence>
            <synonyms/>
            <sys_created_by>aes.creator</sys_created_by>
            <sys_created_on>2025-07-24 15:20:28</sys_created_on>
            <sys_domain>global</sys_domain>
            <sys_domain_path>/</sys_domain_path>
            <sys_mod_count>0</sys_mod_count>
            <sys_updated_by>aes.creator</sys_updated_by>
            <sys_updated_on>2025-07-24 15:20:28</sys_updated_on>
            <value>Female</value>
        </sys_choice>
        <sys_choice action="INSERT_OR_UPDATE">
            <dependent_value/>
            <element>gender</element>
            <hint/>
            <inactive>false</inactive>
            <label>Other</label>
            <language>en</language>
            <name>x_1807905_covid1_0_patient</name>
            <sequence>2</sequence>
            <synonyms/>
            <sys_created_by>aes.creator</sys_created_by>
            <sys_created_on>2025-07-24 15:20:28</sys_created_on>
            <sys_domain>global</sys_domain>
            <sys_domain_path>/</sys_domain_path>
            <sys_mod_count>0</sys_mod_count>
            <sys_updated_by>aes.creator</sys_updated_by>
            <sys_updated_on>2025-07-24 15:20:28</sys_updated_on>
            <value>Other</value>
        </sys_choice>
    </sys_choice>
</record_update>
