<?xml version="1.0" encoding="UTF-8"?><record_update sys_domain="global" table="sys_script_client">
    <sys_script_client action="DELETE">
        <active>true</active>
        <applies_extended>false</applies_extended>
        <condition/>
        <description/>
        <field/>
        <global>false</global>
        <isolate_script>true</isolate_script>
        <messages/>
        <name>Set Admission Date</name>
        <order/>
        <script/>
        <sys_class_name>sys_script_client</sys_class_name>
        <sys_created_by>aes.creator</sys_created_by>
        <sys_created_on>2025-07-24 16:02:55</sys_created_on>
        <sys_domain>global</sys_domain>
        <sys_domain_path>/</sys_domain_path>
        <sys_id>22e25eb383326650d44059d0deaad354</sys_id>
        <sys_mod_count>1</sys_mod_count>
        <sys_name>Set Admission Date</sys_name>
        <sys_overrides/>
        <sys_package display_value="COVID19_Hospital_Admin_App" source="x_1807905_covid1_0">4907da17837aa250d44059d0deaad302</sys_package>
        <sys_policy/>
        <sys_scope display_value="COVID19_Hospital_Admin_App">4907da17837aa250d44059d0deaad302</sys_scope>
        <sys_update_name>sys_script_client_22e25eb383326650d44059d0deaad354</sys_update_name>
        <sys_updated_by>aes.creator</sys_updated_by>
        <sys_updated_on>2025-07-24 16:10:31</sys_updated_on>
        <table>x_1807905_covid1_0_patient</table>
        <type>onLoad</type>
        <ui_type>10</ui_type>
        <view/>
    </sys_script_client>
    <sys_update_version action="INSERT_OR_UPDATE">
        <action>DELETE</action>
        <application display_value="COVID19_Hospital_Admin_App">4907da17837aa250d44059d0deaad302</application>
        <file_path/>
        <instance_id>1b06953ceb58e6185a2dfceacad0cd0d</instance_id>
        <instance_name>dev299383</instance_name>
        <name>sys_script_client_22e25eb383326650d44059d0deaad354</name>
        <payload><![CDATA[<?xml version="1.0" encoding="UTF-8"?><record_update sys_domain="global" table="sys_script_client"><sys_script_client action="INSERT_OR_UPDATE"><active>true</active><applies_extended>false</applies_extended><condition/><description/><field/><global>false</global><isolate_script>true</isolate_script><messages/><name>Set Admission Date</name><order/><script/><sys_class_name>sys_script_client</sys_class_name><sys_created_by>aes.creator</sys_created_by><sys_created_on>2025-07-24 16:02:55</sys_created_on><sys_domain>global</sys_domain><sys_domain_path>/</sys_domain_path><sys_id>22e25eb383326650d44059d0deaad354</sys_id><sys_mod_count>1</sys_mod_count><sys_name>Set Admission Date</sys_name><sys_overrides/><sys_package display_value="COVID19_Hospital_Admin_App" source="x_1807905_covid1_0">4907da17837aa250d44059d0deaad302</sys_package><sys_policy/><sys_scope display_value="COVID19_Hospital_Admin_App">4907da17837aa250d44059d0deaad302</sys_scope><sys_update_name>sys_script_client_22e25eb383326650d44059d0deaad354</sys_update_name><sys_updated_by>aes.creator</sys_updated_by><sys_updated_on>2025-07-24 16:10:31</sys_updated_on><table>x_1807905_covid1_0_patient</table><type>onLoad</type><ui_type>10</ui_type><view/></sys_script_client></record_update>]]></payload>
        <payload_hash>2130459172</payload_hash>
        <record_name>Set Admission Date</record_name>
        <reverted_from/>
        <source>2507da17837aa250d44059d0deaad3ad</source>
        <source_table>sys_update_set</source_table>
        <state>previous</state>
        <sys_created_by>aes.creator</sys_created_by>
        <sys_created_on>2025-07-24 16:10:31</sys_created_on>
        <sys_id>43e4567783326650d44059d0deaad379</sys_id>
        <sys_mod_count>0</sys_mod_count>
        <sys_recorded_at>1983d3355e80000001</sys_recorded_at>
        <sys_updated_by>aes.creator</sys_updated_by>
        <sys_updated_on>2025-07-24 16:10:31</sys_updated_on>
        <type>Client Script</type>
        <update_guid>3ae456774b3266503b3645755920d878</update_guid>
        <update_guid_history>3ae456774b3266503b3645755920d878:2130459172,672316b33c326650f462020b001963f5:-1495028751</update_guid_history>
    </sys_update_version>
    <sys_metadata_delete action="INSERT_OR_UPDATE">
        <sys_audit_delete/>
        <sys_class_name>sys_metadata_delete</sys_class_name>
        <sys_created_by>aes.creator</sys_created_by>
        <sys_created_on>2025-07-24 16:13:28</sys_created_on>
        <sys_db_object display_value="" name="sys_script_client">sys_script_client</sys_db_object>
        <sys_id>28f4719652dd4520b466b0dd055b29e4</sys_id>
        <sys_metadata>22e25eb383326650d44059d0deaad354</sys_metadata>
        <sys_mod_count>0</sys_mod_count>
        <sys_name>Set Admission Date</sys_name>
        <sys_package display_value="COVID19_Hospital_Admin_App" source="x_1807905_covid1_0">4907da17837aa250d44059d0deaad302</sys_package>
        <sys_parent display_value="Covid1 0 Patient">245a125b837aa250d44059d0deaad3b4</sys_parent>
        <sys_policy/>
        <sys_scope display_value="COVID19_Hospital_Admin_App">4907da17837aa250d44059d0deaad302</sys_scope>
        <sys_scope_delete display_value="">0d27c4999c7447dc88edc054491b86c4</sys_scope_delete>
        <sys_update_name>sys_script_client_22e25eb383326650d44059d0deaad354</sys_update_name>
        <sys_update_version display_value="sys_script_client_22e25eb383326650d44059d0deaad354">43e4567783326650d44059d0deaad379</sys_update_version>
        <sys_updated_by>aes.creator</sys_updated_by>
        <sys_updated_on>2025-07-24 16:13:28</sys_updated_on>
    </sys_metadata_delete>
</record_update>
