<?xml version="1.0" encoding="UTF-8"?><record_update sys_domain="global" table="sys_hub_flow">
    <sys_hub_flow action="DELETE">
        <access>public</access>
        <acls/>
        <active>false</active>
        <annotation/>
        <attributes/>
        <authored_on_release_version>27000</authored_on_release_version>
        <callable_by_client_api>false</callable_by_client_api>
        <category/>
        <compiler_build/>
        <copied_from>9a41b6c2ff12101088e94ee9453bf1a4</copied_from>
        <copied_from_name>FlowTemplate_Empty</copied_from_name>
        <description/>
        <display_name_after_preview/>
        <flow_priority/>
        <generation_source/>
        <internal_name>patient_registration_and_scheduling</internal_name>
        <label_cache>[]</label_cache>
        <latest_snapshot/>
        <master_snapshot/>
        <master_snapshot_digest/>
        <name>Patient Registration and Scheduling</name>
        <natlang/>
        <outputs/>
        <pre_compiled>false</pre_compiled>
        <remote_trigger_id/>
        <run_as>user</run_as>
        <run_with_roles/>
        <sc_callable>false</sc_callable>
        <show_draft_actions>false</show_draft_actions>
        <show_triggered_flows>false</show_triggered_flows>
        <status>draft</status>
        <substatus/>
        <sys_class_name>sys_hub_flow</sys_class_name>
        <sys_created_by>aes.creator</sys_created_by>
        <sys_created_on>2025-07-24 14:50:06</sys_created_on>
        <sys_domain>global</sys_domain>
        <sys_domain_path>/</sys_domain_path>
        <sys_id>89828a7f83be2650d44059d0deaad3ad</sys_id>
        <sys_mod_count>0</sys_mod_count>
        <sys_name>Patient Registration and Scheduling</sys_name>
        <sys_overrides/>
        <sys_package display_value="COVID19_Hospital_Admin_App" source="x_1807905_covid1_0">4907da17837aa250d44059d0deaad302</sys_package>
        <sys_policy/>
        <sys_scope display_value="COVID19_Hospital_Admin_App">4907da17837aa250d44059d0deaad302</sys_scope>
        <sys_update_name>sys_hub_flow_89828a7f83be2650d44059d0deaad3ad</sys_update_name>
        <sys_updated_by>aes.creator</sys_updated_by>
        <sys_updated_on>2025-07-24 14:50:06</sys_updated_on>
        <type>flow</type>
        <updation_source/>
        <version>2</version>
    </sys_hub_flow>
    <sys_translated_text action="DELETE" query="documentkey=89828a7f83be2650d44059d0deaad3ad"/>
    <sys_variable_value action="DELETE" query="document_key=89828a7f83be2650d44059d0deaad3ad"/>
    <sys_hub_flow_stage action="DELETE" query="flow=89828a7f83be2650d44059d0deaad3ad"/>
    <sys_flow_cat_variable_model action="DELETE" query="id=89828a7f83be2650d44059d0deaad3ad^sys_idNOT IN41828a7f83be2650d44059d0deaad3b0"/>
    <sys_flow_cat_variable_model action="DELETE">
        <id>89828a7f83be2650d44059d0deaad3ad</id>
        <name>Patient Registration and Scheduling</name>
        <sys_created_by>aes.creator</sys_created_by>
        <sys_created_on>2025-07-24 14:50:06</sys_created_on>
        <sys_id>41828a7f83be2650d44059d0deaad3b0</sys_id>
        <sys_mod_count>0</sys_mod_count>
        <sys_scope/>
        <sys_updated_by>aes.creator</sys_updated_by>
        <sys_updated_on>2025-07-24 14:50:06</sys_updated_on>
    </sys_flow_cat_variable_model>
    <sys_flow_cat_variable action="DELETE" query="flow_catalog_model=41828a7f83be2650d44059d0deaad3b0"/>
    <sys_hub_flow_input action="DELETE" query="model=89828a7f83be2650d44059d0deaad3ad"/>
    <sys_hub_flow_output action="DELETE" query="model=89828a7f83be2650d44059d0deaad3ad"/>
    <sys_hub_alias_mapping action="DELETE" query="source_id=89828a7f83be2650d44059d0deaad3ad"/>
    <sys_hub_trigger_instance_v2 action="DELETE" query="flow=89828a7f83be2650d44059d0deaad3ad"/>
    <sys_hub_action_instance_v2 action="DELETE" query="flow=89828a7f83be2650d44059d0deaad3ad"/>
    <sys_hub_sub_flow_instance_v2 action="DELETE" query="flow=89828a7f83be2650d44059d0deaad3ad"/>
    <sys_hub_flow_logic_instance_v2 action="DELETE" query="flow=89828a7f83be2650d44059d0deaad3ad"/>
    <sys_hub_pill_compound action="DELETE" query="attached_to=89828a7f83be2650d44059d0deaad3ad"/>
    <sys_hub_flow_variable action="DELETE" query="model=89828a7f83be2650d44059d0deaad3ad"/>
    <sys_choice action="DELETE" query="name=var__m_sys_hub_flow_input_89828a7f83be2650d44059d0deaad3ad"/>
    <sys_choice action="DELETE" query="name=var__m_sys_hub_flow_output_89828a7f83be2650d44059d0deaad3ad"/>
    <sys_flow_trigger_plan action="DELETE" query="plan_id=89828a7f83be2650d44059d0deaad3ad"/>
    <sys_flow_subflow_plan action="DELETE" query="plan_id=89828a7f83be2650d44059d0deaad3ad"/>
    <sys_update_version action="INSERT_OR_UPDATE">
        <action>DELETE</action>
        <application display_value="COVID19_Hospital_Admin_App">4907da17837aa250d44059d0deaad302</application>
        <file_path/>
        <instance_id>1b06953ceb58e6185a2dfceacad0cd0d</instance_id>
        <instance_name>dev299383</instance_name>
        <name>sys_hub_flow_89828a7f83be2650d44059d0deaad3ad</name>
        <payload><![CDATA[<?xml version="1.0" encoding="UTF-8"?><record_update sys_domain="global" table="sys_hub_flow"><sys_hub_flow action="INSERT_OR_UPDATE"><access>public</access><acls/><active>false</active><annotation/><attributes/><authored_on_release_version>27000</authored_on_release_version><callable_by_client_api>false</callable_by_client_api><category/><compiler_build/><copied_from>9a41b6c2ff12101088e94ee9453bf1a4</copied_from><copied_from_name>FlowTemplate_Empty</copied_from_name><description/><display_name_after_preview/><flow_priority/><generation_source/><internal_name>patient_registration_and_scheduling</internal_name><label_cache>[]</label_cache><latest_snapshot/><master_snapshot/><master_snapshot_digest/><name>Patient Registration and Scheduling</name><natlang/><outputs/><pre_compiled>false</pre_compiled><remote_trigger_id/><run_as>user</run_as><run_with_roles/><sc_callable>false</sc_callable><show_draft_actions>false</show_draft_actions><show_triggered_flows>false</show_triggered_flows><status>draft</status><substatus/><sys_class_name>sys_hub_flow</sys_class_name><sys_created_by>aes.creator</sys_created_by><sys_created_on>2025-07-24 14:50:06</sys_created_on><sys_domain>global</sys_domain><sys_domain_path>/</sys_domain_path><sys_id>89828a7f83be2650d44059d0deaad3ad</sys_id><sys_mod_count>0</sys_mod_count><sys_name>Patient Registration and Scheduling</sys_name><sys_overrides/><sys_package display_value="COVID19_Hospital_Admin_App" source="x_1807905_covid1_0">4907da17837aa250d44059d0deaad302</sys_package><sys_policy/><sys_scope display_value="COVID19_Hospital_Admin_App">4907da17837aa250d44059d0deaad302</sys_scope><sys_update_name>sys_hub_flow_89828a7f83be2650d44059d0deaad3ad</sys_update_name><sys_updated_by>aes.creator</sys_updated_by><sys_updated_on>2025-07-24 14:50:06</sys_updated_on><type>flow</type><updation_source/><version>2</version></sys_hub_flow><sys_translated_text action="delete_multiple" query="documentkey=89828a7f83be2650d44059d0deaad3ad"/><sys_variable_value action="delete_multiple" query="document_key=89828a7f83be2650d44059d0deaad3ad"/><sys_hub_flow_stage action="delete_multiple" query="flow=89828a7f83be2650d44059d0deaad3ad"/><sys_flow_cat_variable_model action="delete_multiple" query="id=89828a7f83be2650d44059d0deaad3ad^sys_idNOT IN41828a7f83be2650d44059d0deaad3b0"/><sys_flow_cat_variable_model action="INSERT_OR_UPDATE"><id>89828a7f83be2650d44059d0deaad3ad</id><name>Patient Registration and Scheduling</name><sys_created_by>aes.creator</sys_created_by><sys_created_on>2025-07-24 14:50:06</sys_created_on><sys_id>41828a7f83be2650d44059d0deaad3b0</sys_id><sys_mod_count>0</sys_mod_count><sys_scope/><sys_updated_by>aes.creator</sys_updated_by><sys_updated_on>2025-07-24 14:50:06</sys_updated_on></sys_flow_cat_variable_model><sys_flow_cat_variable action="delete_multiple" query="flow_catalog_model=41828a7f83be2650d44059d0deaad3b0"/><sys_hub_flow_input action="delete_multiple" query="model=89828a7f83be2650d44059d0deaad3ad"/><sys_hub_flow_output action="delete_multiple" query="model=89828a7f83be2650d44059d0deaad3ad"/><sys_hub_alias_mapping action="delete_multiple" query="source_id=89828a7f83be2650d44059d0deaad3ad"/><sys_hub_trigger_instance_v2 action="delete_multiple" query="flow=89828a7f83be2650d44059d0deaad3ad"/><sys_hub_action_instance_v2 action="delete_multiple" query="flow=89828a7f83be2650d44059d0deaad3ad"/><sys_hub_sub_flow_instance_v2 action="delete_multiple" query="flow=89828a7f83be2650d44059d0deaad3ad"/><sys_hub_flow_logic_instance_v2 action="delete_multiple" query="flow=89828a7f83be2650d44059d0deaad3ad"/><sys_hub_pill_compound action="delete_multiple" query="attached_to=89828a7f83be2650d44059d0deaad3ad"/><sys_hub_flow_variable action="delete_multiple" query="model=89828a7f83be2650d44059d0deaad3ad"/><sys_choice action="delete_multiple" query="name=var__m_sys_hub_flow_input_89828a7f83be2650d44059d0deaad3ad"/><sys_choice action="delete_multiple" query="name=var__m_sys_hub_flow_output_89828a7f83be2650d44059d0deaad3ad"/><sys_flow_trigger_plan action="delete_multiple" query="plan_id=89828a7f83be2650d44059d0deaad3ad"/><sys_flow_subflow_plan action="delete_multiple" query="plan_id=89828a7f83be2650d44059d0deaad3ad"/></record_update>]]></payload>
        <payload_hash>17199567</payload_hash>
        <record_name>Patient Registration and Scheduling</record_name>
        <reverted_from/>
        <source>2507da17837aa250d44059d0deaad3ad</source>
        <source_table>sys_update_set</source_table>
        <state>previous</state>
        <sys_created_by>aes.creator</sys_created_by>
        <sys_created_on>2025-07-24 14:50:06</sys_created_on>
        <sys_id>05828a7f83be2650d44059d0deaad3b4</sys_id>
        <sys_mod_count>0</sys_mod_count>
        <sys_recorded_at>1983ce9b7ed0000001</sys_recorded_at>
        <sys_updated_by>aes.creator</sys_updated_by>
        <sys_updated_on>2025-07-24 14:50:06</sys_updated_on>
        <type>Flow</type>
        <update_guid>09828a7f8ebe26505c8a207ec1ca58b3</update_guid>
        <update_guid_history>09828a7f8ebe26505c8a207ec1ca58b3:17199567</update_guid_history>
    </sys_update_version>
    <sys_metadata_delete action="INSERT_OR_UPDATE">
        <sys_audit_delete/>
        <sys_class_name>sys_metadata_delete</sys_class_name>
        <sys_created_by>aes.creator</sys_created_by>
        <sys_created_on>2025-07-24 14:52:55</sys_created_on>
        <sys_db_object display_value="" name="sys_hub_flow">sys_hub_flow</sys_db_object>
        <sys_id>1ede17ad7c724e52a2496e6f51b99ed1</sys_id>
        <sys_metadata>89828a7f83be2650d44059d0deaad3ad</sys_metadata>
        <sys_mod_count>0</sys_mod_count>
        <sys_name>Patient Registration and Scheduling</sys_name>
        <sys_package display_value="COVID19_Hospital_Admin_App" source="x_1807905_covid1_0">4907da17837aa250d44059d0deaad302</sys_package>
        <sys_parent/>
        <sys_policy/>
        <sys_scope display_value="COVID19_Hospital_Admin_App">4907da17837aa250d44059d0deaad302</sys_scope>
        <sys_scope_delete display_value="">0d27c4999c7447dc88edc054491b86c4</sys_scope_delete>
        <sys_update_name>sys_hub_flow_89828a7f83be2650d44059d0deaad3ad</sys_update_name>
        <sys_update_version display_value="sys_hub_flow_89828a7f83be2650d44059d0deaad3ad">05828a7f83be2650d44059d0deaad3b4</sys_update_version>
        <sys_updated_by>aes.creator</sys_updated_by>
        <sys_updated_on>2025-07-24 14:52:55</sys_updated_on>
    </sys_metadata_delete>
</record_update>
