<?xml version="1.0" encoding="UTF-8"?><record_update sys_domain="global" table="sys_ui_policy">
    <sys_ui_policy action="DELETE">
        <active>true</active>
        <conditions table="x_1807905_covid1_0_patient">status=Postive<item display_value="Positive" endquery="false" field="status" goto="false" newquery="false" operator="=" or="false" value="Postive"/>
        </conditions>
        <description/>
        <global>true</global>
        <inherit>false</inherit>
        <isolate_script>true</isolate_script>
        <model_id/>
        <model_table/>
        <on_load>true</on_load>
        <order>100</order>
        <reverse_if_false>true</reverse_if_false>
        <run_scripts>false</run_scripts>
        <script_false><![CDATA[function onCondition() {}]]></script_false>
        <script_true><![CDATA[function onCondition() {}]]></script_true>
        <set_values/>
        <short_description>If the corona is positive</short_description>
        <sys_class_name>sys_ui_policy</sys_class_name>
        <sys_created_by>aes.creator</sys_created_by>
        <sys_created_on>2025-07-24 15:27:07</sys_created_on>
        <sys_domain>global</sys_domain>
        <sys_domain_path>/</sys_domain_path>
        <sys_id>03fa0a3b83fe2650d44059d0deaad313</sys_id>
        <sys_mod_count>0</sys_mod_count>
        <sys_name>If the corona is positive</sys_name>
        <sys_overrides/>
        <sys_package display_value="COVID19_Hospital_Admin_App" source="x_1807905_covid1_0">4907da17837aa250d44059d0deaad302</sys_package>
        <sys_policy/>
        <sys_scope display_value="COVID19_Hospital_Admin_App">4907da17837aa250d44059d0deaad302</sys_scope>
        <sys_update_name>sys_ui_policy_03fa0a3b83fe2650d44059d0deaad313</sys_update_name>
        <sys_updated_by>aes.creator</sys_updated_by>
        <sys_updated_on>2025-07-24 15:27:07</sys_updated_on>
        <table>x_1807905_covid1_0_patient</table>
        <ui_type>0</ui_type>
        <view/>
    </sys_ui_policy>
    <sys_update_version action="INSERT_OR_UPDATE">
        <action>DELETE</action>
        <application display_value="COVID19_Hospital_Admin_App">4907da17837aa250d44059d0deaad302</application>
        <file_path/>
        <instance_id>1b06953ceb58e6185a2dfceacad0cd0d</instance_id>
        <instance_name>dev299383</instance_name>
        <name>sys_ui_policy_03fa0a3b83fe2650d44059d0deaad313</name>
        <payload>&lt;?xml version="1.0" encoding="UTF-8"?&gt;&lt;record_update sys_domain="global" table="sys_ui_policy"&gt;&lt;sys_ui_policy action="INSERT_OR_UPDATE"&gt;&lt;active&gt;true&lt;/active&gt;&lt;conditions table="x_1807905_covid1_0_patient"&gt;status=Postive&lt;item display_value="Positive" endquery="false" field="status" goto="false" newquery="false" operator="=" or="false" value="Postive"/&gt;&lt;/conditions&gt;&lt;description/&gt;&lt;global&gt;true&lt;/global&gt;&lt;inherit&gt;false&lt;/inherit&gt;&lt;isolate_script&gt;true&lt;/isolate_script&gt;&lt;model_id/&gt;&lt;model_table/&gt;&lt;on_load&gt;true&lt;/on_load&gt;&lt;order&gt;100&lt;/order&gt;&lt;reverse_if_false&gt;true&lt;/reverse_if_false&gt;&lt;run_scripts&gt;false&lt;/run_scripts&gt;&lt;script_false&gt;&lt;![CDATA[function onCondition() {}]]&gt;&lt;/script_false&gt;&lt;script_true&gt;&lt;![CDATA[function onCondition() {}]]&gt;&lt;/script_true&gt;&lt;set_values/&gt;&lt;short_description&gt;If the corona is positive&lt;/short_description&gt;&lt;sys_class_name&gt;sys_ui_policy&lt;/sys_class_name&gt;&lt;sys_created_by&gt;aes.creator&lt;/sys_created_by&gt;&lt;sys_created_on&gt;2025-07-24 15:27:07&lt;/sys_created_on&gt;&lt;sys_domain&gt;global&lt;/sys_domain&gt;&lt;sys_domain_path&gt;/&lt;/sys_domain_path&gt;&lt;sys_id&gt;03fa0a3b83fe2650d44059d0deaad313&lt;/sys_id&gt;&lt;sys_mod_count&gt;0&lt;/sys_mod_count&gt;&lt;sys_name&gt;If the corona is positive&lt;/sys_name&gt;&lt;sys_overrides/&gt;&lt;sys_package display_value="COVID19_Hospital_Admin_App" source="x_1807905_covid1_0"&gt;4907da17837aa250d44059d0deaad302&lt;/sys_package&gt;&lt;sys_policy/&gt;&lt;sys_scope display_value="COVID19_Hospital_Admin_App"&gt;4907da17837aa250d44059d0deaad302&lt;/sys_scope&gt;&lt;sys_update_name&gt;sys_ui_policy_03fa0a3b83fe2650d44059d0deaad313&lt;/sys_update_name&gt;&lt;sys_updated_by&gt;aes.creator&lt;/sys_updated_by&gt;&lt;sys_updated_on&gt;2025-07-24 15:27:07&lt;/sys_updated_on&gt;&lt;table&gt;x_1807905_covid1_0_patient&lt;/table&gt;&lt;ui_type&gt;0&lt;/ui_type&gt;&lt;view/&gt;&lt;/sys_ui_policy&gt;&lt;/record_update&gt;</payload>
        <payload_hash>-484719558</payload_hash>
        <record_name>If the corona is positive</record_name>
        <reverted_from/>
        <source>2507da17837aa250d44059d0deaad3ad</source>
        <source_table>sys_update_set</source_table>
        <state>previous</state>
        <sys_created_by>aes.creator</sys_created_by>
        <sys_created_on>2025-07-24 15:27:07</sys_created_on>
        <sys_id>9ffa0a3b83fe2650d44059d0deaad316</sys_id>
        <sys_mod_count>0</sys_mod_count>
        <sys_recorded_at>1983d0b9a300000001</sys_recorded_at>
        <sys_updated_by>aes.creator</sys_updated_by>
        <sys_updated_on>2025-07-24 15:27:07</sys_updated_on>
        <type>UI Policy</type>
        <update_guid>93fa0a3badfe265069edd1ed296f7116</update_guid>
        <update_guid_history>93fa0a3badfe265069edd1ed296f7116:-484719558</update_guid_history>
    </sys_update_version>
    <sys_metadata_delete action="INSERT_OR_UPDATE">
        <sys_audit_delete/>
        <sys_class_name>sys_metadata_delete</sys_class_name>
        <sys_created_by>aes.creator</sys_created_by>
        <sys_created_on>2025-07-24 15:39:18</sys_created_on>
        <sys_db_object display_value="" name="sys_ui_policy">sys_ui_policy</sys_db_object>
        <sys_id>917b61a2d639410688468b2b5a595831</sys_id>
        <sys_metadata>03fa0a3b83fe2650d44059d0deaad313</sys_metadata>
        <sys_mod_count>0</sys_mod_count>
        <sys_name>If the corona is positive</sys_name>
        <sys_package display_value="COVID19_Hospital_Admin_App" source="x_1807905_covid1_0">4907da17837aa250d44059d0deaad302</sys_package>
        <sys_parent display_value="Covid1 0 Patient">245a125b837aa250d44059d0deaad3b4</sys_parent>
        <sys_policy/>
        <sys_scope display_value="COVID19_Hospital_Admin_App">4907da17837aa250d44059d0deaad302</sys_scope>
        <sys_scope_delete display_value="">0d27c4999c7447dc88edc054491b86c4</sys_scope_delete>
        <sys_update_name>sys_ui_policy_03fa0a3b83fe2650d44059d0deaad313</sys_update_name>
        <sys_update_version display_value="sys_ui_policy_03fa0a3b83fe2650d44059d0deaad313">9ffa0a3b83fe2650d44059d0deaad316</sys_update_version>
        <sys_updated_by>aes.creator</sys_updated_by>
        <sys_updated_on>2025-07-24 15:39:18</sys_updated_on>
    </sys_metadata_delete>
</record_update>
